Time;ID;Message
00:06.373;ID:4;channel activity result: 9995 
00:06.376;ID:4;Activity found on channel 11! 
01:04.820;ID:4;channel activity result: 10000 
01:04.823;ID:4;No activity found on channel 11. 
01:10.448;ID:4;channel activity result: 10000 
01:10.450;ID:4;No activity found on channel 12. 
01:16.075;ID:4;channel activity result: 10000 
01:16.078;ID:4;No activity found on channel 13. 
01:21.702;ID:4;channel activity result: 10000 
01:21.705;ID:4;No activity found on channel 14. 
01:27.330;ID:4;channel activity result: 10000 
01:27.333;ID:4;No activity found on channel 15. 
01:32.957;ID:4;channel activity result: 10000 
01:32.960;ID:4;No activity found on channel 16. 
01:38.585;ID:4;channel activity result: 10000 
01:38.588;ID:4;No activity found on channel 17. 
01:44.213;ID:4;channel activity result: 9985 
01:44.215;ID:4;Activity found on channel 18! 
02:42.654;ID:4;channel activity result: 10000 
02:42.656;ID:4;No activity found on channel 18. 
02:48.281;ID:4;channel activity result: 10000 
02:48.283;ID:4;No activity found on channel 19. 
02:53.909;ID:4;channel activity result: 10000 
02:53.911;ID:4;No activity found on channel 20. 
02:59.536;ID:4;channel activity result: 10000 
02:59.539;ID:4;No activity found on channel 21. 
03:05.164;ID:4;channel activity result: 10000 
03:05.166;ID:4;No activity found on channel 22. 
03:10.791;ID:4;channel activity result: 10000 
03:10.794;ID:4;No activity found on channel 23. 
03:16.419;ID:4;channel activity result: 10000 
03:16.421;ID:4;No activity found on channel 24. 
03:22.047;ID:4;channel activity result: 10000 
03:22.049;ID:4;No activity found on channel 25. 
03:27.674;ID:4;channel activity result: 10000 
03:27.677;ID:4;No activity found on channel 26. 
03:33.302;ID:4;channel activity result: 10000 
03:33.304;ID:4;No activity found on channel 11. 
